Continent,Country/Region,Lat,Long,1/27/2020,2/3/2020,2/10/2020,2/17/2020,2/24/2020,3/2/2020,3/9/2020,3/16/2020,3/23/2020,3/30/2020,4/6/2020,4/13/2020,4/20/2020,4/27/2020,5/4/2020,5/11/2020,5/18/2020,5/25/2020,6/1/2020,6/8/2020,6/15/2020,6/22/2020,6/29/2020,7/6/2020,7/13/2020,7/20/2020,7/27/2020,8/3/2020,8/10/2020,8/17/2020,8/24/2020,8/31/2020,9/7/2020,9/14/2020
Asia,Afghanistan,33.93911,67.709953,0,0,0,0,1,1,8,25,90,254,485,834,1274,2164,3612,5662,8763,13126,18063,22831,27339,30069,32080,33869,35037,35852,36534,36911,37396,37785,38115,38274,38584,27742
Europe,Albania,41.1533,20.1683,0,0,0,0,0,0,22,66,163,285,409,514,658,770,838,903,971,1073,1196,1384,1780,2192,2672,3199,3835,4465,5195,6016,6965,7964,9032,9859,10868,8432
Africa,Algeria,28.0339,1.6596,0,0,0,0,0,12,27,100,362,982,1661,2294,3030,3991,5187,6446,7740,8978,9834,10592,11391,12516,14702,17798,21373,25515,29779,33595,37168,40252,43007,45451,47472,34971
Europe,Andorra,42.5063,1.5218,0,0,0,0,0,1,1,58,231,424,579,680,726,744,752,759,761,763,838,852,854,855,855,855,871,891,918,946,978,1027,1098,1200,1308,1058
Africa,Angola,-11.2027,17.8739,0,0,0,0,0,0,0,0,4,8,18,20,24,29,39,46,57,76,87,118,163,217,312,420,611,845,1092,1469,1804,2047,2414,2820,3189,2617
North America,Antigua and Barbuda,17.0608,-61.7964,0,0,0,0,0,0,0,1,5,10,19,23,23,24,25,25,25,25,26,26,26,48,68,72,74,78,89,92,92,93,94,94,95,67
South America,Argentina,-38.4161,-63.6167,0,0,0,0,0,3,25,121,514,1175,1826,2537,3404,4405,5415,7172,10067,14710,20150,27482,37652,52494,69987,90475,114954,147314,184986,227591,275075,320947,380379,449832,523179,421023
Europe,Armenia,40.0691,45.0382,0,0,0,0,0,1,8,117,314,653,915,1159,1536,2068,2901,3901,5661,8198,11222,14817,18631,22514,26745,30378,33506,36145,38227,39769,41042,42258,43275,44271,45330,33149
Oceania,Australia,-35.4735,149.0124,0,0,0,0,0,0,0,6,53,87,100,102,104,106,107,107,107,107,107,108,108,108,108,111,113,113,113,113,113,113,113,113,113,80
Oceania,Australia,-33.8688,151.2093,4,4,4,4,4,22,81,344,1221,2286,2766,2905,2979,3022,3046,3067,3084,3092,3107,3120,3141,3167,3295,3462,3541,3641,3751,3841,3932,3974,4019,4095,4149,2992
Oceania,Australia,-12.4634,130.8456,0,0,0,0,0,0,0,2,10,21,28,28,28,28,29,29,29,29,29,29,29,29,29,30,31,31,31,33,33,33,33,33,33,23
Oceania,Australia,-27.4698,153.0251,1,3,5,5,6,12,30,149,498,818,953,1003,1025,1034,1044,1053,1058,1057,1060,1063,1065,1066,1067,1069,1071,1074,1081,1087,1090,1097,1113,1128,1144,821
Oceania,Australia,-34.9285,138.6007,0,2,2,2,2,5,12,50,221,369,420,433,437,438,438,439,439,439,440,440,440,440,443,443,443,446,450,458,459,462,463,463,465,332
Oceania,Australia,-42.8821,147.3272,0,0,0,0,0,1,3,11,44,73,110,172,205,219,225,227,228,228,228,228,228,228,228,228,228,229,229,229,229,230,230,230,230,164
Oceania,Australia,-37.8136,144.9631,2,4,4,4,4,10,31,158,540,1011,1223,1302,1339,1369,1462,1537,1588,1633,1677,1705,1792,1955,2375,3369,5082,7454,10479,13800,16186,17829,18800,19386,19759,14267
Oceania,Australia,-31.9505,115.8605,0,0,0,0,0,2,10,60,220,400,490,533,547,550,551,552,557,577,594,601,603,608,612,628,645,654,660,653,644,650,654,655,658,471
Europe,Austria,47.5162,14.5501,0,0,0,0,4,49,411,2113,6710,10999,13204,14442,15005,15453,15740,16064,16396,16626,16815,17033,17240,17495,17971,18614,19294,20088,20955,21702,22687,24422,26333,28358,31307,25061
Europe,Azerbaijan,40.1431,47.5769,0,0,0,0,0,5,13,41,132,411,893,1284,1548,1806,2227,2901,3749,4818,6575,8889,11434,14823,18668,22449,26115,28962,31509,33195,33923,34785,35857,36885,37873,27607
North America,Bahamas,25.025885,-78.035889,0,0,0,0,0,0,0,2,7,21,39,51,70,81,90,94,97,101,102,103,103,104,104,107,127,263,520,787,1106,1592,1987,2369,2749,2211
Asia,Bahrain,26.0275,50.55,0,0,0,0,30,62,173,271,441,622,911,1664,2268,3047,4220,6152,8161,10131,13324,16746,20424,24128,27840,31435,35013,38031,40596,42902,45644,48292,50717,53561,58177,44594
Asia,Bangladesh,23.685,90.3563,0,0,0,0,0,0,3,17,42,61,337,1579,4198,7661,12396,18909,28590,40793,57695,78074,101785,126641,152615,175036,196116,215802,234394,249666,268939,287445,304283,319356,332712,244732
North America,Barbados,13.1939,-59.5432,0,0,0,0,0,0,0,4,22,43,65,73,76,80,82,85,90,92,92,94,97,97,97,99,103,107,114,135,146,156,166,176,180,131
Europe,Belarus,53.7098,27.9534,0,0,0,0,0,4,16,56,88,303,1556,4287,8159,14022,20198,26776,33374,39856,46000,51762,56644,60302,62693,64392,65611,66678,67660,68499,69198,69982,71152,72322,73594,53413
Europe,Belgium,50.8333,4.469936,0,0,1,1,1,81,466,2007,6634,15554,25103,34558,43053,48407,51523,54344,56283,57838,58827,59690,60346,60982,61639,62283,63215,64968,68061,72067,76395,80198,83523,86649,90805,68953
North America,Belize,17.1899,-88.4976,0,0,0,0,0,0,0,0,1,3,9,18,18,18,18,18,18,18,18,19,21,23,27,33,39,45,50,103,293,587,835,1114,1395,1103
Africa,Benin,9.3077,2.3158,0,0,0,0,0,0,0,1,5,13,29,35,55,75,181,332,170,214,253,349,607,986,1197,1274,1486,1678,1795,1914,2015,2091,2136,2185,2237,1624
Asia,Bhutan,27.5142,90.4336,0,0,0,0,0,0,1,1,2,4,5,5,6,7,7,16,21,31,48,61,67,71,77,80,85,92,100,106,124,150,185,227,238,176
South America,Bolivia,-16.2902,-63.5887,0,0,0,0,0,0,3,14,49,124,242,428,728,1233,2101,3400,5229,8322,12162,16181,21645,28499,35612,44300,54330,65271,75430,86245,96276,105766,113157,118737,124201,92035
Europe,Bosnia and Herzegovina,43.9159,17.6791,0,0,0,0,0,1,11,65,212,519,850,1166,1407,1723,2023,2213,2353,2458,2574,2816,3179,3770,4722,6147,7637,9306,11411,13273,15212,17001,18920,20808,22551,17325
Africa,Botswana,-22.3285,24.6849,0,0,0,0,0,0,0,0,0,4,10,14,21,22,23,24,28,35,39,49,77,91,241,326,469,602,785,804,1150,1308,1572,1830,2198,1789
South America,Brazil,-14.235,-51.9253,0,0,0,0,1,8,87,696,3041,7960,17573,30918,50868,85525,136016,205141,310059,442090,613023,795586,989830,1228843,1490712,1752310,2001466,2278608,2598853,2904828,3212796,3492289,3754952,4035861,4239215,3156789
Asia,Brunei,4.5353,114.7277,0,0,0,0,0,0,21,71,111,132,135,136,138,138,139,141,141,141,141,141,141,141,141,141,141,141,141,141,142,142,143,144,145,103
Europe,Bulgaria,42.7339,25.4858,0,0,0,0,0,0,19,111,270,450,615,794,1115,1497,1817,2100,2332,2472,2609,3075,3648,4368,5314,6631,8127,9783,11364,12893,13994,14928,15864,16743,17585,13134
Africa,Burkina Faso,12.2383,-1.5616,0,0,0,0,0,0,1,37,160,291,432,544,613,646,724,775,807,842,880,891,898,929,972,1014,1041,1073,1115,1160,1228,1293,1348,1393,1515,1251
Asia,Burma,21.9162,95.956,0,0,0,0,0,0,0,0,3,18,27,83,134,150,170,181,197,210,235,254,276,293,305,322,338,344,352,357,367,410,618,1116,2245,2806
Africa,Burundi,-3.3731,29.9189,0,0,0,0,0,0,0,0,0,2,3,5,9,12,15,16,42,48,68,84,107,151,179,191,291,341,386,399,410,422,434,451,468,337
Africa,Cabo Verde,16.5388,-23.0418,0,0,0,0,0,0,0,1,4,6,7,44,82,128,211,301,354,403,505,656,822,1028,1316,1556,1870,2186,2421,2730,3050,3360,3686,4118,4566,3560
Asia,Cambodia,11.55,104.9167,1,1,1,1,1,1,4,42,95,111,118,122,122,122,122,122,122,124,125,126,128,134,141,145,168,202,233,244,269,273,273,274,274,196
Africa,Cameroon,3.8480000000000003,11.5021,0,0,0,0,0,0,2,17,84,369,748,934,1341,1865,2265,2921,4109,5491,7036,8539,10513,12467,12592,14657,15735,16549,17223,17744,18319,18693,19039,19489,19927,14496
North America,Canada,53.9333,-116.5765,0,0,0,0,0,1,21,135,458,899,1429,2175,3693,5296,6031,6465,6768,6948,7091,7312,7578,7862,8180,8516,9071,9896,10672,11259,11925,12531,13292,14268,15172,11510
North America,Canada,53.7267,-127.6476,0,2,4,5,7,15,50,248,703,1099,1345,1556,1819,2105,2282,2392,2482,2555,2621,2689,2775,2858,2931,3023,3156,3368,3585,3849,4233,4752,5370,6016,6722,5379
North America,Canada,0.0,0.0,0,0,0,0,0,0,0,8,13,13,13,13,13,13,13,13,13,13,13,13,13,13,13,13,13,13,13,13,13,13,13,13,13,9
North America,Canada,53.7609,-98.8139,0,0,0,0,0,0,1,14,41,151,224,249,261,277,284,289,290,293,298,301,308,317,324,325,333,376,412,477,614,812,1079,1263,1380,1063
North America,Canada,46.5653,-66.4619,0,0,0,0,0,0,0,11,35,84,108,116,118,118,119,120,120,125,135,152,163,164,165,165,167,170,170,174,180,187,190,191,192,138
North America,Canada,53.1355,-57.6604,0,0,0,0,0,0,0,4,76,180,233,251,256,258,260,260,260,260,261,261,261,261,261,261,262,264,266,266,268,268,268,269,270,193
North America,Canada,64.8255,-124.8457,0,0,0,0,0,0,0,0,0,2,5,5,5,5,5,5,5,5,5,5,5,5,5,5,5,5,5,5,5,5,5,5,5,3
North America,Canada,44.681999999999995,-63.7443,0,0,0,0,0,0,0,14,79,192,362,578,806,941,1002,1028,1046,1054,1057,1060,1061,1061,1063,1065,1066,1067,1068,1071,1072,1076,1081,1085,1086,775
North America,Canada,51.2538,-85.3232,1,3,3,3,7,23,58,278,875,2870,5720,9534,13956,17374,20329,22890,25625,28328,30961,33141,34593,36007,37242,38175,39059,40055,41007,41678,42323,43003,43794,44716,45913,33923
North America,Canada,46.5107,-63.4168,0,0,0,0,0,0,0,1,6,21,24,25,26,26,27,27,27,27,27,27,27,27,28,32,35,36,36,36,39,43,44,45,54,40
North America,Canada,52.9399,-73.5491,0,0,0,0,0,2,11,125,1711,5409,10811,15827,21748,27871,35218,40705,45506,49628,52120,53500,54405,54996,55613,56210,57017,58095,59171,60111,60902,61420,62036,62955,64292,47097
North America,Canada,52.9399,-106.4509,0,0,0,0,0,0,0,19,98,204,273,306,333,396,522,581,617,639,648,660,708,763,790,811,910,1063,1285,1396,1515,1590,1608,1633,1685,1250
North America,Canada,64.2823,-135.0,0,0,0,0,0,0,0,0,2,5,7,8,11,11,11,11,11,11,11,11,11,11,11,11,11,13,14,14,15,15,15,15,15,10
Africa,Central African Republic,6.6111,20.9394,0,0,0,0,0,0,0,1,3,5,8,11,15,55,112,218,454,803,1322,1956,2557,3222,3821,4178,4395,4580,4606,4627,4649,4677,4695,4721,4742,3413
Africa,Chad,15.4542,18.7322,0,0,0,0,0,0,0,0,2,7,11,27,37,75,230,407,593,732,821,846,855,862,868,874,885,903,931,940,949,974,1001,1023,1061,789
South America,Chile,-35.6751,-71.543,0,0,0,0,3,12,51,382,1465,3558,6276,9360,12948,18306,28030,42868,67988,104081,144954,188319,226952,259188,285349,306459,324038,339079,353698,366964,380260,392197,404425,416789,429065,313954
Asia,China,31.8257,117.2264,200,598,905,984,989,990,990,990,990,990,990,991,991,991,991,991,991,991,991,991,991,991,991,991,991,991,991,991,991,991,991,991,991,707
Asia,China,40.1824,116.4142,127,272,360,392,406,420,434,482,563,582,588,591,593,593,593,593,593,593,593,612,769,876,924,929,929,929,932,934,935,935,935,935,935,667
Asia,China,30.0572,107.874,189,403,524,565,576,576,576,576,578,579,579,579,579,579,579,579,579,579,579,579,582,582,582,582,582,583,583,583,583,583,583,583,584,417
Asia,China,26.0789,117.9874,106,215,276,292,295,296,296,299,326,346,351,353,355,355,356,356,356,357,358,360,362,363,363,363,363,364,366,367,368,371,377,384,387,280
Asia,China,35.7518,104.2861,29,66,88,91,91,105,127,133,136,138,139,139,139,139,139,139,139,139,139,139,148,160,164,167,167,167,167,167,169,169,169,169,170,121
Asia,China,23.3417,113.4244,370,951,1238,1332,1347,1351,1355,1383,1446,1505,1540,1570,1584,1587,1588,1589,1590,1592,1599,1611,1630,1635,1642,1646,1654,1666,1677,1689,1707,1725,1735,1753,1773,1275
Asia,China,23.8298,108.7881,75,162,223,244,251,252,252,253,254,254,254,254,254,254,254,254,254,254,254,254,254,254,254,254,254,255,255,255,255,255,255,256,257,184
Asia,China,26.8154,106.8748,19,72,133,146,146,146,146,146,146,146,146,146,147,147,147,147,147,147,147,147,147,147,147,147,147,147,147,147,147,147,147,147,147,105
Asia,China,19.1959,109.7453,48,104,154,166,168,168,168,168,168,168,168,168,168,168,168,168,169,169,169,170,171,171,171,171,171,171,171,171,171,171,171,171,171,122
Asia,China,39.549,116.1306,63,157,263,306,315,318,318,318,319,324,327,327,328,328,328,328,328,328,328,328,339,348,349,349,349,349,349,349,350,353,361,365,365,260
Asia,China,47.861999999999995,127.7615,52,224,393,472,480,480,481,483,484,489,604,846,924,941,944,945,945,945,946,947,947,947,947,947,947,947,947,947,948,948,948,948,948,677
Asia,China,37.8957,114.9042,292,826,1158,1262,1271,1272,1272,1273,1274,1276,1276,1276,1276,1276,1276,1276,1276,1276,1276,1276,1276,1276,1276,1276,1276,1276,1276,1276,1276,1276,1276,1276,1276,912
Asia,China,22.3,114.2,10,22,51,66,90,105,129,221,475,794,967,1017,1033,1037,1042,1050,1059,1072,1097,1107,1121,1186,1236,1362,1640,2247,3142,3840,4304,4606,4749,4840,4916,3559
Asia,China,30.9756,112.2707,5367,21951,45071,62424,65573,67440,67775,67799,67800,67802,67803,67942,68128,68128,68129,68134,68135,68135,68135,68135,68135,68135,68135,68135,68135,68135,68135,68138,68139,68139,68139,68139,68139,48670
Asia,China,27.6104,111.7088,275,699,956,1010,1016,1018,1018,1018,1018,1018,1019,1019,1019,1019,1019,1019,1019,1019,1019,1019,1019,1019,1019,1019,1019,1019,1019,1019,1019,1019,1019,1019,1019,727
Asia,China,44.0935,113.9448,18,44,62,74,75,75,75,75,85,111,137,191,195,200,202,209,217,232,235,236,238,238,238,244,249,251,258,258,259,260,260,261,261,186
Asia,China,32.9711,119.455,135,372,562,630,631,631,631,631,639,648,651,653,653,653,653,653,653,653,653,653,653,654,654,654,654,654,655,658,659,664,665,665,665,475
Asia,China,27.614,115.7221,187,587,861,933,934,935,935,935,936,937,937,937,937,937,937,937,937,937,933,932,932,932,932,932,932,932,932,932,932,934,935,935,935,667
Asia,China,43.6661,126.1923,13,56,84,90,93,93,93,93,95,98,98,101,107,111,116,137,152,155,155,155,155,155,155,155,155,155,157,157,157,157,157,157,157,112
Asia,China,41.2956,122.6085,46,92,115,121,121,124,125,125,129,140,144,145,146,146,146,148,149,149,149,149,152,154,155,161,164,175,231,258,261,261,262,262,263,188
Asia,China,22.1667,113.55,7,9,10,10,10,10,10,16,31,41,44,45,45,45,45,45,45,45,45,45,45,45,46,46,46,46,46,46,46,46,46,46,46,32
Asia,China,37.2692,106.1655,17,38,61,70,71,74,75,75,75,75,75,75,75,75,75,75,75,75,75,75,75,75,75,75,75,75,75,75,75,75,75,75,75,53
Asia,China,35.7452,95.9956,7,16,18,18,18,18,18,18,18,18,18,18,18,18,18,18,18,18,18,18,18,18,18,18,18,18,18,18,18,18,18,18,18,12
Asia,China,35.1917,108.8701,72,170,226,243,245,245,245,246,251,254,256,256,278,303,307,308,308,308,309,311,314,319,320,321,321,322,324,328,345,359,364,371,379,277
Asia,China,36.3427,118.1498,154,347,507,632,756,758,759,762,770,775,782,785,787,787,788,788,788,789,792,792,792,792,792,792,794,798,800,805,819,826,831,831,831,593
Asia,China,31.201999999999998,121.4491,116,254,314,333,336,339,346,370,449,518,555,625,640,649,657,662,666,671,675,686,697,704,714,720,731,738,745,763,811,862,891,912,934,683
Asia,China,37.5777,112.2922,36,95,125,131,133,133,133,133,134,136,159,188,197,197,198,198,198,198,198,198,198,198,198,199,200,201,201,201,201,201,202,203,203,145
Asia,China,30.6171,102.7103,146,321,446,516,533,538,539,540,546,553,559,560,561,561,561,561,562,565,578,583,588,589,595,598,599,603,605,611,620,627,645,655,664,478
Asia,China,39.3054,117.323,32,76,114,130,135,136,136,136,152,177,181,186,189,190,190,191,192,192,192,195,196,198,198,200,203,203,204,205,205,213,220,230,233,168
Asia,China,31.6927,88.0924,0,1,1,1,1,1,1,1,1,1,1,1,1,1,1,1,1,1,1,1,1,1,1,1,1,1,1,1,1,1,1,1,1,0
Asia,China,41.1129,85.2401,14,35,61,75,76,76,76,76,76,76,76,76,76,76,76,76,76,76,76,76,76,76,76,76,90,179,545,794,888,902,902,902,902,644
Asia,China,24.974,101.48700000000001,68,131,159,173,174,174,174,176,178,182,184,184,184,185,185,185,185,185,185,185,185,185,185,186,187,188,190,191,191,195,198,199,201,146
Asia,China,29.1832,120.0934,403,933,1138,1186,1205,1213,1219,1233,1244,1258,1266,1267,1268,1268,1268,1268,1268,1268,1268,1268,1268,1269,1269,1269,1270,1270,1270,1270,1274,1276,1277,1278,1278,915
South America,Colombia,4.5709,-74.2973,0,0,0,0,0,0,13,132,495,1155,2227,3288,4635,6602,9515,13593,18532,25537,34956,45462,60402,81038,105858,134891,174666,226165,286557,356829,433504,511151,580902,641293,693181,525896
Africa,Comoros,-11.6455,43.3333,0,0,0,0,0,0,0,0,0,0,0,0,0,1,7,11,47,92,130,160,212,266,301,313,325,340,373,393,401,412,420,439,455,333
Africa,Congo (Brazzaville),-0.228,15.8277,0,0,0,0,0,0,0,2,6,24,53,111,185,217,260,366,452,552,635,721,883,1087,1372,1834,2362,2931,3200,3592,3745,3844,3979,4442,4906,3530
Africa,Congo (Kinshasa),-4.0383,21.7587,0,0,0,0,0,0,1,13,51,123,196,274,381,563,844,1249,1834,2682,3616,4487,5309,6377,7198,7721,8221,8674,8989,9302,9576,9766,9943,10139,10332,7443
North America,Costa Rica,9.7489,-83.7534,0,0,0,0,0,1,18,76,234,393,531,637,681,718,766,829,901,1002,1192,1529,1964,2684,4061,6388,9526,13190,17322,21270,26099,31321,37321,44393,52475,42600
Africa,Cote d'Ivoire,7.54,-5.5471,0,0,0,0,0,0,0,8,91,207,435,698,1003,1279,1564,1951,2269,2639,3296,4439,6466,8409,9983,11810,13513,14988,15928,16452,16905,17270,17715,18266,18858,13665
Europe,Croatia,45.1,15.2,0,0,0,0,3,10,26,128,512,1002,1411,1771,1967,2070,2140,2215,2237,2244,2246,2249,2276,2489,2928,3451,4047,4617,5070,5429,6079,7369,9207,11090,12845,10024
North America,Cuba,21.521757,-77.78116700000001,0,0,0,0,0,0,2,14,78,239,510,873,1234,1513,1720,1828,1909,1991,2128,2222,2290,2322,2354,2405,2439,2466,2594,2791,3182,3528,3827,4187,4524,3477
Europe,Cyprus,35.1264,33.4299,0,0,0,0,0,0,11,63,153,348,556,726,796,849,886,908,924,940,957,976,985,991,999,1010,1029,1045,1097,1205,1302,1390,1475,1498,1517,1106
Europe,Czechia,49.8175,15.472999999999999,0,0,0,0,0,13,120,685,1990,3832,5467,6388,7183,7640,8002,8336,8766,9138,9474,9868,10281,10965,12179,12896,13601,14772,16264,17743,19335,21113,23298,26445,32498,29652
Europe,Denmark,61.8926,-6.9118,0,0,0,0,0,0,4,68,138,175,183,184,186,187,187,187,187,187,187,187,187,187,187,188,188,194,222,264,347,381,410,412,416,305
Europe,Denmark,71.7069,-42.6043,0,0,0,0,0,0,0,1,7,10,11,11,11,11,11,11,11,12,13,13,13,13,13,13,13,13,14,14,14,14,14,14,14,10
Europe,Denmark,56.2639,9.5018,0,0,0,0,1,15,557,1153,1897,3447,5539,6869,8060,9136,10068,10722,11170,11528,11823,12063,12325,12623,12803,12917,13119,13374,13692,14269,15219,16039,16630,17400,18951,14945
Africa,Djibouti,11.8251,42.5903,0,0,0,0,0,0,0,0,10,39,143,571,968,1084,1146,1296,1974,2858,3976,4390,4550,4630,4717,4921,4993,5033,5088,5309,5359,5377,5383,5387,5392,3856
North America,Dominica,15.415,-61.371,0,0,0,0,0,0,0,0,7,12,15,16,16,16,16,16,16,16,17,18,18,18,18,18,18,18,18,18,18,18,20,20,23,17
North America,Dominican Republic,18.7357,-70.1627,0,0,0,0,0,1,6,67,513,1342,2370,3851,5523,7021,9174,11459,13756,16121,18455,21475,24747,29262,34389,40928,48958,57898,68035,76546,83327,88940,92958,96669,101666,75328
South America,Ecuador,-1.8312,-78.1834,0,0,0,0,0,10,19,295,1425,2941,5541,8307,15816,25777,30484,31189,35247,38217,41266,45008,48993,52966,59138,64741,71366,78003,84117,90629,98193,105144,111111,116165,113714,86625
Africa,Egypt,26.820553000000004,30.802497999999996,0,0,0,1,1,12,77,243,491,891,1689,2676,3902,5597,8060,10896,15006,21099,30015,39880,50714,61072,71168,79217,85566,90336,93631,95032,96086,97001,98070,99416,100543,72490
North America,El Salvador,13.7942,-88.8965,0,0,0,0,0,0,0,1,12,42,100,168,253,400,697,1131,1654,2216,2788,3392,4209,5349,6985,8850,10920,13397,16240,19125,21946,23939,25258,26009,26680,19407
Africa,Equatorial Guinea,1.6508,10.2679,0,0,0,0,0,0,0,4,10,14,17,57,151,306,403,537,888,1155,1306,1306,1612,1856,2612,3071,3071,3071,3821,4821,4821,4886,4933,4964,4991,3572
Africa,Eritrea,15.1794,39.7823,0,0,0,0,0,0,0,0,5,20,32,35,39,39,39,39,39,39,39,51,133,160,208,224,242,257,273,283,285,302,315,325,350,259
Europe,Estonia,58.5953,25.0136,0,0,0,0,0,5,59,267,508,884,1217,1434,1588,1679,1720,1758,1802,1848,1898,1960,1977,1984,1990,2006,2017,2027,2054,2120,2174,2229,2326,2441,2606,1966
Africa,Eswatini,-26.5225,31.4659,0,0,0,0,0,0,0,1,6,9,11,17,38,93,143,189,223,273,306,429,580,709,881,1191,1572,2014,2568,2995,3585,4084,4426,4719,4981,3684
Africa,Ethiopia,9.145,40.4897,0,0,0,0,0,0,0,7,14,31,58,91,117,130,183,279,430,874,1640,2727,3990,5200,5846,6788,8549,12092,16629,20989,26442,35903,46625,55387,62323,47274
Oceania,Fiji,-17.7134,178.065,0,0,0,0,0,0,0,0,4,7,15,16,18,18,18,18,18,18,18,18,18,18,18,23,26,27,27,27,27,28,28,29,31,22
Europe,Finland,61.92411,25.748151,0,1,1,1,2,11,116,419,968,1594,2603,3397,4248,4973,5652,6149,6485,6731,6925,7056,7124,7175,7234,7274,7305,7369,7423,7528,7671,7838,8015,8195,8458,6251
Europe,France,3.9339,-53.1258,0,0,0,0,0,1,5,13,26,52,79,90,104,124,138,169,254,429,574,963,1804,3014,4410,5550,6415,7068,7709,8125,8471,8729,8981,9235,9451,6858
Europe,France,-17.6797,149.4068,0,0,0,0,0,0,1,8,26,38,49,55,56,57,59,60,60,60,60,60,60,60,62,62,62,62,62,65,142,211,408,638,865,786
Europe,France,16.265,-61.551,0,0,0,0,0,0,0,34,78,124,140,145,148,150,153,154,156,161,162,167,172,177,182,186,192,198,241,281,386,621,1001,1336,2249,2348
Europe,France,14.6415,-61.0242,0,0,0,0,0,0,4,25,72,133,153,158,167,177,183,189,194,198,200,202,219,238,245,251,257,265,269,298,336,354,558,734,913,775
Europe,France,-12.8275,45.166244,0,0,0,0,0,0,0,4,44,113,179,234,338,512,840,1190,1474,1665,2029,2234,2367,2481,2634,2698,2759,2845,2936,3044,3103,3193,3273,3342,3374,2457
Europe,France,-20.904304999999997,165.618042,0,0,0,0,0,0,0,1,13,16,18,18,18,18,18,18,18,18,20,20,21,21,21,21,21,22,22,22,23,23,23,24,26,18
Europe,France,-21.1151,55.5364,0,0,0,0,0,0,2,25,131,294,369,397,412,420,427,439,448,464,478,486,500,513,531,567,611,647,659,674,761,1011,1428,1920,2528,2152
Europe,France,17.9,-62.8333,0,0,0,0,0,2,1,3,3,6,6,6,6,6,6,6,6,6,6,6,6,6,6,6,6,6,7,9,13,16,17,18,20,16
Europe,France,46.8852,-56.3159,0,0,0,0,0,0,0,0,0,0,1,1,1,1,1,1,1,1,1,1,1,1,1,1,2,4,4,4,4,4,5,5,9,7
Europe,France,18.0708,-63.0501,0,0,0,0,0,0,2,3,10,20,32,34,37,38,38,39,39,40,41,41,42,42,43,43,44,46,50,56,95,144,201,231,251,235
Europe,France,46.2276,2.2137,4,7,11,12,52,540,2883,11015,29608,59456,89434,139515,157517,166151,172347,176592,179117,182669,186283,188760,190896,192532,195130,197632,200595,205163,210976,218747,232730,250564,281656,318803,369457,302247
Africa,Gabon,-0.8037,11.6094,0,0,0,0,0,0,0,2,6,17,38,85,161,278,515,1088,1666,2435,2945,3367,4285,5036,5524,5864,6177,6713,7356,7805,8120,8334,8467,8563,8626,6194
Africa,Gambia,13.4432,-15.3101,0,0,0,0,0,0,0,0,3,4,5,9,10,12,18,22,24,25,25,28,34,42,52,62,76,187,410,902,1542,2319,2768,3089,3319,2461
Europe,Georgia,42.3154,43.3569,0,0,0,0,1,4,23,41,78,136,220,339,433,543,615,663,717,746,801,835,891,916,938,968,1008,1085,1159,1202,1291,1373,1445,1568,1890,1966
Europe,Germany,51.165690999999995,10.451526,5,12,15,16,51,515,2953,15872,44852,84104,116778,137686,152630,162560,169220,174525,178835,182148,184598,186834,189513,193382,196317,199009,201454,204966,209360,214925,222067,231028,240221,248591,257922,190771
Africa,Ghana,7.9465,-1.0232,0,0,0,0,0,0,1,12,105,190,363,713,1214,1911,3451,5410,6307,7426,8866,10658,12964,15459,18603,23132,26118,30377,35406,39424,41786,43165,43888,44637,45251,32626
Europe,Greece,39.0742,21.8243,0,0,0,0,2,31,158,457,904,1500,1947,2201,2432,2589,2676,2780,2858,2903,2955,3086,3210,3329,3457,3678,3930,4105,4424,5143,6402,7927,9504,10958,12433,10047
North America,Grenada,12.1165,-61.678999999999995,0,0,0,0,0,0,0,0,4,10,12,14,15,19,21,21,22,23,23,23,23,23,23,23,23,23,23,24,24,24,24,24,24,17
North America,Guatemala,15.7835,-90.2308,0,0,0,0,0,0,0,10,26,47,106,200,383,607,863,1477,2577,4377,6166,8638,11786,15414,20232,26628,33736,42203,48609,54259,60089,65805,71609,76167,80150,59398
Africa,Guinea,9.9456,-9.6966,0,0,0,0,0,0,0,1,6,61,191,442,839,1422,1928,2440,3015,3492,3992,4363,4796,5181,5471,5854,6348,6799,7219,7667,8192,8833,9208,9577,9934,7244
Africa,Guinea-Bissau,11.8037,-15.1804,0,0,0,0,0,0,0,0,1,12,33,43,51,189,546,886,1087,1216,1351,1419,1513,1580,1701,1812,1893,1953,1969,2023,2091,2135,2189,2222,2262,1629
South America,Guyana,4.860416000000001,-58.93018000000001,0,0,0,0,0,0,1,8,8,18,37,56,69,79,94,114,127,145,153,157,176,215,254,286,317,351,414,525,636,832,1131,1398,1722,1418
North America,Haiti,18.9712,-72.2852,0,0,0,0,0,0,0,0,8,17,29,42,66,81,130,292,705,1477,2677,3886,4818,5540,6129,6544,6902,7198,7404,7570,7761,7987,8148,8290,8427,6103
Europe,Holy See,41.9029,12.4534,0,0,0,0,0,0,1,1,4,6,7,8,9,10,11,12,12,12,12,12,12,12,12,12,12,12,12,12,12,12,12,12,12,8
North America,Honduras,15.2,-86.2419,0,0,0,0,0,0,1,15,60,203,346,431,549,820,1595,2346,3259,4718,5844,7694,10886,15474,21248,26454,30994,36890,41495,45676,49131,52808,57757,63054,66057,49661
Europe,Hungary,47.1625,19.5033,0,0,0,0,0,2,17,77,270,583,1049,1673,2274,2791,3145,3388,3637,3817,3952,4040,4081,4121,4164,4215,4284,4384,4488,4604,4814,5050,5459,7086,10459,10396
Europe,Iceland,64.9631,-19.0208,0,0,0,0,0,31,110,347,806,1289,1639,1740,1785,1796,1800,1801,1803,1805,1806,1807,1813,1818,1827,1832,1836,1841,1875,1936,1981,2041,2088,2126,2155,1566
Asia,India,20.593684,78.96288,0,3,3,3,3,24,75,225,759,2346,6854,13625,23109,35451,56405,82463,118830,166448,227055,298364,382202,492290,628771,795981,1007241,1290513,1639836,2030329,2459953,2905667,3388222,3941777,4562799,3642600
Asia,Indonesia,-0.7893,113.9213,0,0,0,0,0,3,56,311,919,1822,3296,5542,7826,10154,12808,15927,20095,24538,28965,35260,42658,50312,59318,70294,81692,93567,106127,119134,133076,147287,163350,184227,207376,163527
Asia,Iran,32.427908,53.68804599999999,0,0,0,13,357,3915,10329,18402,30047,50187,66257,77876,87047,94553,103130,114648,129179,144251,163620,180394,197544,215095,232812,250388,266897,283858,301530,319770,336164,352369,367601,380814,395515,293097
Asia,Iraq,33.223191,43.679291,0,0,0,0,7,40,85,184,403,783,1219,1451,1682,2075,2549,3109,3924,5509,9224,16681,25918,38982,53763,69884,86061,102322,121134,140905,164730,192702,219626,247394,278037,216473
Europe,Ireland,53.1424,-7.6921,0,0,0,0,0,10,69,516,1855,3901,7199,13133,17425,20557,22383,23674,24412,24838,25132,25248,25353,25409,25490,25572,25704,25829,26018,26423,26968,27666,28455,29237,30380,22690
Asia,Israel,31.046051000000002,34.851612,0,0,0,0,4,28,115,474,2610,6673,9974,12661,14679,15936,16370,16568,16681,16889,17500,18565,20043,22430,27167,34821,45764,57460,69230,79203,89325,99148,109889,123864,145007,121366
Europe,Italy,41.87194,12.56738,0,2,3,35,767,4197,15780,42281,80676,115250,143913,169061,189786,205349,215684,222901,227971,231641,234127,236098,237937,239582,240992,242402,243776,245331,247163,249297,252310,256401,264063,273206,283220,208307
North America,Jamaica,18.1096,-77.2975,0,0,0,0,0,0,4,14,25,45,63,127,268,415,484,511,535,571,592,609,639,681,714,750,768,823,869,960,1070,1282,1928,2798,3479,3012
Asia,Japan,36.204824,138.252924,12,22,38,103,211,379,686,973,1465,2880,5700,9386,12407,14325,15544,16068,16353,16605,16914,17202,17600,18071,19042,20728,23677,28076,34991,44312,52660,59786,65612,70223,73932,54986
Asia,Jordan,31.24,36.51,0,0,0,0,0,0,2,64,200,299,367,404,436,454,496,588,678,725,772,894,1000,1083,1141,1171,1204,1150,1192,1234,1317,1504,1805,2227,2825,2790
Asia,Kazakhstan,48.0196,66.9237,0,0,0,0,0,0,2,40,141,434,785,1408,2295,3396,4593,5595,7439,9712,12075,13675,16317,19713,38461,54215,66656,78189,88711,96791,101750,104047,105380,106122,106650,76470
Africa,Kenya,-0.0236,37.9062,0,0,0,0,0,0,0,6,30,98,181,237,319,404,593,772,1082,1616,2358,3218,4211,5393,6974,9014,11739,15551,19949,24499,28644,31386,33320,34674,35649,26015
Asia,"Korea, South",35.907757000000004,127.766922,7,20,28,205,2008,6025,7834,8563,9252,9966,10409,10607,10706,10775,10837,11008,11144,11378,11676,11994,12306,12615,12968,13332,13653,14004,14302,14526,14984,16700,19005,20800,21885,16175
Europe,Kosovo,42.602636,20.902977,0,0,0,0,0,0,1,20,70,119,211,426,642,796,859,929,1003,1051,1136,1315,1811,2361,2991,4104,5354,6487,8003,9556,10818,11813,12649,12683,12683,9059
Asia,Kuwait,29.311659999999996,47.481766,0,0,0,0,30,58,83,152,214,380,936,1558,2471,4067,6779,12011,18566,24334,29902,34320,38067,42718,47776,52752,57508,61851,66325,70026,74403,78709,82883,87366,92712,69303
Asia,Kyrgyzstan,41.20438,74.766098,0,0,0,0,0,0,0,5,49,121,286,473,630,742,896,1077,1308,1592,1907,2143,2782,4173,6454,9437,16074,30257,35111,38584,41034,42512,43472,44131,44673,32199
Asia,Laos,19.856270000000002,102.495496,0,0,0,0,0,0,0,0,4,9,15,19,19,19,19,19,19,19,19,19,19,19,19,19,19,19,20,20,20,22,22,22,22,16
Europe,Latvia,56.8796,24.6032,0,0,0,0,0,1,15,87,253,459,592,682,775,854,914,969,1026,1059,1079,1093,1105,1112,1121,1152,1181,1202,1229,1269,1305,1328,1364,1412,1449,1062
Asia,Lebanon,33.8547,35.8623,0,0,0,0,3,18,67,159,361,492,586,658,690,724,780,885,1023,1167,1285,1402,1507,1669,1809,2047,2620,3284,4373,5700,7775,10980,14969,18907,22489,18745
Africa,Lesotho,-29.61,28.2336,0,0,0,0,0,0,0,0,0,0,0,0,0,0,0,0,1,2,3,4,4,19,39,144,291,388,602,734,847,982,1050,1112,1194,945
Africa,Liberia,6.4280550000000005,-9.429499,0,0,0,0,0,0,0,2,3,6,32,68,109,144,185,216,244,272,326,412,553,689,821,951,1062,1128,1183,1225,1251,1283,1298,1305,1314,949
Africa,Libya,26.3351,17.228331,0,0,0,0,0,0,0,0,2,12,22,43,57,61,63,64,70,108,215,391,513,686,906,1296,1668,2314,3379,4771,7018,9687,12201,15829,20979,17836
Europe,Liechtenstein,47.14,9.55,0,0,0,0,0,0,1,24,53,71,78,79,81,82,82,82,82,82,82,82,82,82,82,84,84,86,87,89,90,97,104,107,108,79
Europe,Lithuania,55.1694,23.8813,0,0,0,0,0,1,4,54,310,648,952,1148,1388,1395,1437,1512,1588,1654,1692,1745,1785,1807,1824,1855,1898,1971,2061,2178,2334,2532,2768,2985,3209,2470
Europe,Luxembourg,49.8153,6.1296,0,0,0,0,0,1,25,386,1449,2445,3105,3426,3660,3780,3858,3914,3974,4006,4028,4053,4092,4168,4391,4722,5273,5955,6598,7049,7346,7630,7331,6786,7064,5311
Africa,Madagascar,-18.766947000000002,46.869107,0,0,0,0,0,0,0,1,23,61,93,113,121,132,175,234,412,660,941,1194,1418,1855,2462,3952,6068,8306,10646,12431,13518,14135,14621,15103,15584,11334
Africa,Malawi,-13.2543,34.3015,0,0,0,0,0,0,0,0,0,2,9,16,27,37,46,62,75,191,387,484,607,948,1386,2008,2682,3312,3923,4486,4876,5279,5485,5592,5656,4075
Asia,Malaysia,4.210483999999999,101.97576600000001,6,12,19,22,23,62,201,921,1988,3127,4237,5143,5607,6023,6487,6812,7079,7654,8120,8381,8529,8604,8646,8688,8746,8846,8961,9040,9137,9239,9300,9371,9688,7163
Asia,Maldives,3.2028,73.2207,0,0,0,0,0,0,8,13,14,18,19,28,123,394,678,991,1229,1548,1868,1978,2136,2272,2399,2582,2871,3142,3723,4674,5468,6369,7318,8237,8908,6722
Africa,Mali,17.570692,-3.9961660000000006,0,0,0,0,0,0,0,0,7,35,73,171,312,488,648,782,952,1169,1436,1694,1904,2044,2247,2375,2446,2493,2526,2553,2597,2676,2733,2807,2901,2114
Europe,Malta,35.9375,14.3754,0,0,0,0,0,0,10,55,131,193,324,409,443,464,486,524,589,614,623,639,660,667,671,673,674,683,781,965,1231,1501,1777,1960,2202,1806
Africa,Mauritania,21.0079,-10.9408,0,0,0,0,0,0,0,1,3,5,6,7,7,7,8,26,170,372,809,1432,2429,3678,4584,5145,5654,6062,6282,6459,6642,6844,6985,7102,7222,5236
Africa,Mauritius,-20.348404000000002,57.552152,0,0,0,0,0,0,0,8,72,172,294,324,330,332,332,332,332,334,335,337,337,340,341,342,342,343,344,344,344,346,351,356,360,260
North America,Mexico,23.6345,-102.5528,0,0,0,0,1,5,22,175,627,1559,3510,6455,11691,19371,29740,42689,59877,81127,105489,133754,165229,202053,238755,281605,324576,370353,417241,462593,504819,543417,579917,617138,652958,486028
Europe,Moldova,47.4116,28.3699,0,0,0,0,0,0,7,53,179,540,1306,2137,2955,3848,4602,5549,6667,7708,9025,10738,13097,15387,17135,18671,20245,22115,24310,26605,29059,31936,35388,38345,41619,31704
Europe,Monaco,43.7333,7.4167,0,0,0,0,0,1,1,10,34,59,85,93,94,95,95,96,97,98,99,99,99,102,105,108,109,113,119,126,142,150,154,147,163,130
Asia,Mongolia,46.8625,103.8467,0,0,0,0,0,0,0,6,10,13,15,28,35,38,41,84,140,161,188,195,203,217,220,227,269,287,291,293,296,298,300,308,310,222
Europe,Montenegro,42.708678000000006,19.37439,0,0,0,0,0,0,0,8,63,150,252,295,316,321,323,324,324,324,324,324,342,419,629,1018,1624,2545,3057,3472,3862,4221,4579,5169,6211,5209
Africa,Morocco,31.7917,-7.0926,0,0,0,0,0,1,9,66,291,752,1372,2294,3569,4473,5558,6583,7212,7664,8010,8554,9330,11189,13107,15064,16545,18612,23231,29637,38090,47817,57239,67119,80066,66044
Africa,Mozambique,-18.665695,35.529562,0,0,0,0,0,0,0,0,5,9,16,31,53,77,83,115,162,230,345,498,664,794,926,1088,1361,1579,1813,2132,2634,3137,3638,4189,4861,4230
Africa,Namibia,-22.9576,18.4904,0,0,0,0,0,0,0,2,7,13,16,16,16,16,16,16,18,22,26,31,41,107,302,621,1035,1530,2063,2660,3581,5000,6674,8098,9266,7138
Asia,Nepal,28.1667,84.25,1,1,1,1,1,1,1,1,3,6,9,22,45,59,97,243,480,1081,2634,4711,7676,11198,14558,16465,17304,18234,19546,21811,24982,29659,35502,42897,50608,41658
Europe,Netherlands,12.5211,-69.9683,0,0,0,0,0,0,0,4,27,58,82,94,99,100,100,101,101,101,101,101,101,101,103,105,108,117,120,308,880,1367,1826,2264,2794,2340
Europe,Netherlands,12.1784,-68.2385,0,0,0,0,0,0,0,0,0,1,2,3,5,5,6,6,6,6,7,7,7,7,7,7,8,10,11,13,13,13,13,17,22,20
Europe,Netherlands,12.1696,-68.99,0,0,0,0,0,0,0,2,6,11,13,14,14,16,16,16,16,18,20,21,22,23,23,24,26,28,29,30,32,37,56,78,127,137
Europe,Netherlands,18.0425,-63.0548,0,0,0,0,0,0,0,0,3,16,44,57,71,75,76,76,77,77,77,77,77,77,77,78,78,87,124,167,255,353,435,498,530,399
Europe,Netherlands,52.1326,5.2913,0,0,0,0,2,106,658,2636,7626,14693,21970,29432,35668,39339,41721,43430,44675,45938,46989,48266,49297,49903,50414,50811,51371,52422,54034,56977,61112,65039,68616,72568,78746,61802
Oceania,New Zealand,-40.9006,174.886,0,0,0,0,0,3,5,37,296,799,1234,1394,1456,1480,1490,1497,1503,1504,1504,1504,1508,1520,1530,1540,1549,1555,1561,1568,1599,1662,1713,1763,1792,1290
North America,Nicaragua,12.865416,-85.207229,0,0,0,0,0,0,0,0,2,5,7,9,11,13,15,23,235,690,1066,1414,1771,2120,2469,2799,3104,3397,3638,3869,4084,4283,4467,4643,4796,3523
Africa,Niger,17.607789,8.081666,0,0,0,0,0,0,0,0,8,96,391,597,671,722,785,871,927,954,964,976,1018,1057,1079,1096,1101,1121,1135,1153,1161,1169,1173,1176,1178,844
Africa,Nigeria,9.082,8.6753,0,0,0,0,0,1,2,12,67,182,286,461,962,1949,3555,5227,6985,9054,11520,14520,18460,22695,26980,30848,34872,38909,42630,45300,48042,50895,53250,54565,55789,40451
Europe,North Macedonia,41.6086,21.7453,0,0,0,0,0,1,9,56,197,402,678,1044,1299,1462,1572,1721,1893,2092,2648,3563,4647,5613,6626,7601,8663,9670,10621,11452,12358,13205,14025,14731,15442,11504
Europe,Norway,60.472,8.4689,0,0,0,0,6,90,744,1787,3427,5100,6213,6844,7367,7735,8023,8195,8306,8408,8497,8602,8702,8804,8902,8961,9013,9078,9203,9480,9849,10203,10533,11103,11856,8940
Asia,Oman,21.512583,55.923255000000005,0,0,0,0,4,13,18,41,115,234,458,997,1705,2328,2995,4356,6469,9278,14408,20164,26913,34720,42584,51855,62560,72447,78595,80474,82488,83618,84934,86255,88230,65083
Asia,Pakistan,30.3753,69.3451,0,0,0,0,2,5,43,553,1345,2700,4745,7224,11814,17885,26907,37899,50290,64360,89710,124329,165461,195860,220215,243327,259385,270175,277073,282024,286715,291067,294552,297353,300535,216937
North America,Panama,8.538,-80.7821,0,0,0,0,0,0,18,138,578,1373,2546,3813,5109,6550,7874,9112,10208,12214,15068,18750,23551,29054,35308,42330,50288,57065,64316,71461,78526,84244,89850,94925,99694,73931
Oceania,Papua New Guinea,-6.314993,143.95555,0,0,0,0,0,0,0,0,1,1,2,4,7,8,8,8,8,8,8,8,8,10,11,11,13,34,74,161,264,358,432,475,505,367
South America,Paraguay,-23.4425,-58.4438,0,0,0,0,0,0,4,13,42,81,123,178,217,295,530,754,833,913,1068,1224,1330,1670,2305,2664,3343,4096,5108,6304,8479,11776,15349,20015,25696,21617
South America,Peru,-9.19,-75.0152,0,0,0,0,0,1,21,213,575,1482,5053,12512,21260,37102,58010,80442,107802,142835,183712,213188,244234,268474,292208,316146,341707,369328,404274,454542,502777,559077,615273,663450,704298,527999
Asia,Philippines,12.879721,121.77401699999999,0,2,3,3,3,4,67,237,807,2561,4091,5641,6973,8479,10197,11834,13389,15938,20232,24211,28021,33171,39669,51387,61489,74517,90763,119130,148611,177814,205632,229133,249549,194863
Europe,Poland,51.9194,19.1451,0,0,0,0,0,3,58,373,1258,2996,5575,8006,10558,12830,15033,17552,20130,22787,25178,28249,30938,33101,35077,36976,39097,41661,45097,49600,54518,59481,64637,69138,72557,54185
Europe,Portugal,39.3999,-8.2245,0,0,0,0,0,11,102,844,3765,8974,14187,18603,22375,24817,26625,28353,29929,31618,33637,35862,38081,40478,42844,45299,47737,49429,50862,52102,53486,54947,56695,59085,62167,46973
Asia,Qatar,25.3548,51.1839,0,0,0,0,0,8,232,462,557,1037,2384,4227,7946,13379,19178,28083,38818,51087,63724,75044,84269,91636,97675,102044,105409,108223,110400,112105,114221,116209,117953,119427,121053,87464
Europe,Romania,45.9432,24.9668,0,0,0,0,1,7,68,283,1123,2887,5170,7666,10010,12233,14465,16232,17548,18781,19909,21223,23085,25277,27759,30828,35101,41368,49566,57908,66571,74912,83086,91250,99696,76486
Asia,Russia,61.52401,105.31875600000001,0,2,2,2,2,8,36,210,895,3538,10559,29073,63545,108539,177135,252105,317669,379363,440599,501997,560344,612830,660239,706343,751524,793680,832981,870171,905757,939894,973101,1007101,1042999,768271
Africa,Rwanda,-1.9403,29.8739,0,0,0,0,0,0,0,11,50,86,113,138,164,235,271,287,316,350,408,502,660,843,1058,1225,1472,1712,1984,2115,2258,2748,3677,4243,4496,3312
North America,Saint Kitts and Nevis,17.357822,-62.782998,0,0,0,0,0,0,0,0,1,8,11,13,15,15,15,15,15,15,15,15,15,15,15,16,17,17,17,17,17,17,17,17,17,12
North America,Saint Lucia,13.9094,-60.9789,0,0,0,0,0,0,0,2,3,12,14,15,15,16,18,18,18,18,18,19,19,19,20,22,22,23,24,25,25,25,26,26,26,19
North America,Saint Vincent and the Grenadines,12.9843,-61.2872,0,0,0,0,0,0,0,1,1,3,10,12,13,15,17,17,17,22,26,27,28,29,29,29,36,51,53,55,57,58,59,60,62,45
Europe,San Marino,43.9424,12.4578,0,0,0,0,0,19,68,131,208,245,316,410,498,566,612,645,659,668,676,691,695,697,698,698,699,699,699,699,699,703,709,723,720,516
Africa,Sao Tome and Principe,0.1864,6.6131,0,0,0,0,0,0,0,0,0,0,4,4,4,11,168,225,250,438,492,604,684,709,716,725,738,796,869,877,882,888,893,896,901,647
Asia,Saudi Arabia,23.885942,45.079162,0,0,0,0,0,4,56,283,978,1891,3395,6760,13962,22801,33741,47368,65037,80094,93860,116136,145389,171232,198047,223217,243116,260344,274113,284334,294390,303847,311824,318286,323647,233943
Africa,Senegal,14.4974,-14.4524,0,0,0,0,0,3,8,37,108,195,254,328,505,956,1488,2199,2802,3357,4037,4754,5510,6252,7043,7785,8473,9282,10070,10733,11726,12576,13277,13807,14145,10380
Europe,Serbia,44.0165,21.0059,0,0,0,0,0,0,23,119,453,1274,2899,5244,7320,8905,9840,10376,10922,11306,11601,12104,12619,13441,15192,17388,19739,22395,25199,27303,28984,30216,31065,31667,32155,23287
Africa,Seychelles,-4.6796,55.492,0,0,0,0,0,0,0,5,7,9,11,11,11,11,11,11,11,11,11,11,11,20,80,92,104,109,114,122,126,130,135,136,137,100
Africa,Sierra Leone,8.460555000000001,-11.779889,0,0,0,0,0,0,0,0,0,2,7,20,67,126,241,412,591,803,918,1082,1265,1375,1503,1595,1677,1748,1811,1876,1940,1969,2009,2035,2078,1522
Asia,Singapore,1.2833,103.8333,10,28,59,83,95,123,186,348,679,1066,1904,4560,10978,16291,20975,26031,29917,33362,36725,39401,41431,42823,44277,45457,47133,49134,51845,54290,55503,56105,56580,56912,57229,41075
Europe,Slovakia,48.669,19.699,0,0,0,0,0,0,23,123,243,418,669,963,1293,1395,1439,1476,1500,1517,1525,1538,1568,1625,1707,1835,1944,2083,2266,2472,2743,3121,3640,4221,5079,4212
Europe,Slovenia,46.1512,14.9955,0,0,0,0,0,4,104,318,579,886,1121,1271,1365,1424,1448,1463,1467,1471,1478,1489,1508,1550,1637,1779,1897,2024,2135,2218,2335,2536,2760,3026,3417,2826
Africa,Somalia,5.152149,46.199616,0,0,0,0,0,0,0,1,2,5,15,99,327,597,910,1260,1558,1811,2184,2494,2709,2855,2942,3033,3096,3160,3210,3225,3237,3263,3284,3323,3373,2421
Africa,South Africa,-30.5595,22.9375,0,0,0,0,0,0,21,158,889,1466,1916,2681,3925,5693,8451,12887,19260,27729,40882,59365,84552,118913,169245,239384,324879,408579,481934,537823,574518,599740,618027,632769,644439,466987
Africa,South Sudan,6.877000000000001,31.307,0,0,0,0,0,0,0,0,0,0,2,4,4,35,84,216,460,940,1040,1648,1821,1943,2014,2021,2171,2235,2336,2448,2479,2494,2513,2534,2561,1854
Europe,Spain,40.463667,-3.7492199999999998,0,1,2,2,28,334,3820,18302,57340,111010,152598,183781,206047,213693,221413,229325,233588,237585,240627,242773,245167,247567,249948,253030,258526,269430,284718,308368,335021,375744,426457,485552,550937,439564
Asia,Sri Lanka,7.873054,80.77179699999999,1,1,1,1,1,1,5,59,106,151,191,242,387,661,812,924,1057,1473,1760,1873,1934,2005,2060,2284,2684,2754,2813,2837,2883,2923,2985,3101,3166,2337
Africa,Sudan,12.8628,30.2176,0,0,0,0,0,0,0,1,3,8,15,41,164,446,982,1909,3144,4427,5674,6726,8098,9033,9551,10119,10569,11218,11576,11831,12117,12594,13050,13255,13457,9667
South America,Suriname,3.9193,-56.0278,0,0,0,0,0,0,0,2,7,9,10,10,10,10,10,10,11,13,80,166,273,387,545,687,899,1249,1638,2131,2753,3370,3808,4200,4484,3320
Europe,Sweden,60.128161,18.643501,0,1,1,1,6,107,731,1565,3035,5838,9403,13049,17190,21345,25199,29258,33021,37016,42203,48861,56216,63580,69141,72011,73889,75365,76764,78635,80730,82549,83798,84730,86122,62506
Europe,Switzerland,46.8182,8.2275,0,0,0,0,9,160,981,4478,11887,18619,23759,26702,28486,29549,30134,30467,30676,30802,30915,31041,31206,31443,31964,32594,33266,34018,35014,36102,37413,39049,41007,43192,45795,34504
Asia,Syria,34.802075,38.996815000000005,0,0,0,0,0,0,0,0,4,13,20,33,41,43,45,49,63,119,126,159,186,241,311,381,468,584,738,1007,1446,1996,2499,2968,3401,2609
Asia,Taiwan,23.7,121.0,8,14,18,24,34,43,50,115,249,337,380,398,426,430,439,440,440,441,443,443,445,446,448,449,451,455,468,476,480,486,487,489,496,357
Asia,Tajikistan,38.861,71.2761,0,0,0,0,0,0,0,0,0,0,0,0,0,33,444,1008,2339,3539,4277,4829,5278,5685,6041,6409,6739,7058,7364,7652,7949,8204,8442,8688,8937,6551
Africa,Tanzania,-6.369028,34.888822,0,0,0,0,0,0,0,5,12,20,27,106,281,428,492,509,509,509,509,509,509,509,509,509,509,509,509,509,509,509,509,509,509,363
Asia,Thailand,15.870032,100.992541,15,26,33,35,39,46,71,305,1042,1862,2401,2672,2857,2952,2995,3020,3036,3062,3095,3126,3141,3158,3178,3203,3235,3271,3305,3334,3363,3386,3407,3431,3459,2492
Asia,Timor-Leste,-8.874217,125.727539,0,0,0,0,0,0,0,0,1,1,1,13,23,24,24,24,24,24,24,24,24,24,24,24,24,24,24,24,25,25,26,27,27,19
Africa,Togo,8.6195,0.8248,0,0,0,0,0,0,1,6,22,37,70,81,90,113,141,242,354,413,467,518,549,594,664,701,751,823,919,1015,1104,1217,1343,1445,1535,1148
North America,Trinidad and Tobago,10.6918,-61.2225,0,0,0,0,0,0,0,19,64,94,108,113,114,116,116,116,116,116,117,117,123,124,129,133,134,142,163,223,398,781,1439,1997,2687,2396
Africa,Tunisia,33.886917,9.537499,0,0,0,0,0,0,10,43,198,458,650,811,915,990,1026,1033,1046,1063,1086,1090,1136,1163,1179,1229,1330,1412,1510,1631,1873,2518,3315,4387,5909,5749
Asia,Turkey,38.9637,35.2433,0,0,0,0,0,0,2,374,4540,18585,42998,73846,101407,119645,133422,144724,153622,160931,167406,174346,183901,193066,202246,209940,216852,223330,229916,237291,245641,254425,264073,274953,286442,211676
North America,US,40.0,-100.0,6,11,12,13,18,200,1682,15397,87570,247726,463109,669534,874246,1075238,1260612,1423462,1583476,1732892,1880683,2026279,2195117,2427456,2740635,3120203,3571882,4038321,4488487,4882377,5251372,5573795,5868330,6155686,6404691,4739198
Africa,Uganda,1.373333,32.290275,0,0,0,0,0,0,0,0,18,44,52,55,69,83,104,172,214,318,534,674,741,819,904,992,1049,1086,1151,1234,1373,1835,2646,3281,4278,3763
Europe,Ukraine,48.3794,31.1656,0,0,0,0,0,0,1,28,236,927,1976,4230,7140,10410,13720,16917,19734,22400,26009,29817,34899,40918,46905,52303,57644,63348,70325,78666,88382,100970,115193,131535,149578,119303
Asia,United Arab Emirates,23.424076,53.847818000000004,3,5,8,10,16,31,78,127,365,1097,3043,5718,8779,12489,16329,21117,26890,32502,37010,40936,43762,46544,49712,53521,56114,58019,60161,61836,63514,65772,68479,72135,76946,58427
Europe,United Kingdom,18.2206,-63.0686,0,0,0,0,0,0,0,0,0,2,3,3,3,3,3,3,3,3,3,3,3,3,3,3,3,3,3,3,3,3,3,3,3,2
Europe,United Kingdom,32.3078,-64.7505,0,0,0,0,0,0,0,1,12,33,45,75,98,112,117,121,127,138,141,141,144,146,146,148,151,153,155,157,159,166,168,173,176,126
Europe,United Kingdom,18.4207,-64.64,0,0,0,0,0,0,0,0,0,2,3,3,5,6,6,7,8,8,8,8,8,8,8,8,8,8,8,8,9,15,30,53,63,48
Europe,United Kingdom,19.3133,-81.2546,0,0,0,0,0,0,0,2,7,24,45,57,67,72,79,90,117,139,158,182,193,195,200,201,203,203,203,203,203,204,205,205,207,148
Europe,United Kingdom,49.3723,-2.3644,0,0,0,0,0,0,1,15,68,207,372,460,510,536,544,549,557,559,561,564,569,570,571,577,582,583,586,595,603,612,622,629,631,457
Europe,United Kingdom,-51.7963,-59.5236,0,0,0,0,0,0,0,0,0,0,4,10,12,13,13,13,13,13,13,13,13,13,13,13,13,13,13,13,13,13,13,13,13,9
Europe,United Kingdom,36.1408,-5.3536,0,0,0,0,0,0,1,8,38,86,121,130,134,142,144,147,150,160,173,176,176,176,177,179,180,182,186,192,205,229,268,300,322,241
Europe,United Kingdom,54.2361,-4.5481,0,0,0,0,0,0,0,1,26,91,184,274,306,314,327,332,335,336,336,336,336,336,336,336,336,336,336,336,336,336,336,336,337,242
Europe,United Kingdom,16.742498,-62.187366000000004,0,0,0,0,0,0,0,0,3,5,8,11,11,11,11,11,11,11,11,11,11,11,11,11,12,12,12,13,13,13,13,13,13,9
Europe,United Kingdom,21.694000000000003,-71.7979,0,0,0,0,0,0,0,0,1,5,8,10,11,12,12,12,12,12,12,12,12,16,43,59,73,87,106,151,257,341,456,564,629,469
Europe,United Kingdom,55.3781,-3.4360000000000004,0,10,16,22,50,306,1795,6734,20972,47897,80545,111446,144784,176562,202142,222909,239991,252090,261302,268545,275347,280901,284164,287629,292580,297247,302333,308118,315055,322345,330355,340827,358767,270160
South America,Uruguay,-32.5228,-55.7658,0,0,0,0,0,0,2,93,241,367,463,503,564,639,683,724,750,807,833,846,854,906,945,976,1022,1135,1246,1318,1406,1500,1553,1638,1752,1323
Asia,Uzbekistan,41.377491,64.585262,0,0,0,0,0,0,0,24,81,220,622,1324,1759,2033,2288,2634,2979,3418,3953,4748,5802,7192,9101,11627,15124,18891,23270,28362,33243,37466,40373,42717,45535,35022
South America,Venezuela,6.4238,-66.5897,0,0,0,0,0,0,1,44,100,146,170,209,300,337,383,461,878,1328,2051,2774,3482,4624,6307,8418,10794,13791,17971,23243,30276,37382,43007,49953,57617,45299
Asia,Vietnam,14.058323999999999,108.277199,3,10,15,16,16,18,42,83,153,226,253,267,268,270,280,304,324,327,328,332,341,352,355,369,379,408,516,747,907,1001,1034,1046,1057,760
Europe,West Bank and Gaza,31.9522,35.2332,0,0,0,0,0,6,29,44,79,168,263,297,336,347,372,376,409,439,460,485,638,1463,3128,5278,7474,9736,11526,13376,15511,17905,20692,24457,28637,23551
Africa,Western Sahara,24.2155,-12.8858,0,0,0,0,0,0,0,0,0,0,4,6,6,6,6,6,6,9,9,9,9,10,10,10,10,10,10,10,10,10,10,10,10,7
Asia,Yemen,15.552726999999999,48.516388,0,0,0,0,0,0,0,0,0,0,0,1,1,5,29,90,188,276,437,605,903,1051,1207,1355,1550,1653,1717,1774,1848,1898,1935,1975,2001,1442
Africa,Zambia,-13.133897,27.849332,0,0,0,0,0,0,0,1,16,37,39,50,77,105,180,556,855,1017,1089,1262,1415,1501,1617,1857,2335,3821,5556,7290,8742,10421,11588,12505,13206,9910
Africa,Zimbabwe,-19.015438,29.154857,0,0,0,0,0,0,0,1,4,8,12,22,28,34,34,39,50,127,242,333,441,544,632,885,1294,2133,3177,4361,4994,5673,6287,6697,7440,5426
